{
  "tree": {
    "max_depth": 7,
    "max_iter": 412,
    "learning_rate": 0.08017551910641366,
    "l2_regularization": 0.9155741129289671,
    "q": 0.6657538201816535
  },
  "lstm_reg": {
    "hidden_dim": 25,
    "num_layers": 1,
    "lr": 0.00027098778159620804,
    "batch_size": 64,
    "num_epochs": 19,
    "q": 0.7484086155009517
  },
  "lstm_cls": {
    "hidden_dim": 42,
    "num_layers": 8,
    "lr": 0.0003354923606255348,
    "batch_size": 32,
    "num_epochs": 26
  },
  "tcn_reg": {
    "hidden_dim": 55,
    "num_layers": 3,
    "kernel_size": 4,
    "lr": 0.00016309944180495305,
    "batch_size": 128,
    "num_epochs": 39,
    "q": 0.6633726777569804
  }
}