{
  "tree": {
    "max_depth": 2,
    "max_iter": 314,
    "learning_rate": 0.040085117048811694,
    "l2_regularization": 0.3307294927058205,
    "q": 0.765931956446458
  },
  "lstm_reg": {
    "hidden_dim": 42,
    "num_layers": 2,
    "lr": 0.0004536509928714577,
    "batch_size": 32,
    "num_epochs": 29,
    "q": 0.5211498558296479
  },
  "lstm_cls": {
    "hidden_dim": 46,
    "num_layers": 8,
    "lr": 0.002566640419918069,
    "batch_size": 128,
    "num_epochs": 30
  }
}